problem_id,name,complexity,students,solvers,attempts,failed,error_pct,median_attempts,p90_attempts
197,Python. ДЗ 7: Пополнение словаря,2,5,3,38,35,92.11,1.0,4.2
236,Python. ДЗ 2: Создание многострочных строк,1,14,13,85,70,82.35,5.0,10.600000000000001
248,Python. ДЗ 3: Комплексная работа со строками,2,5,5,31,25,80.65,5.0,10.0
239,Python. ДЗ 3: Стрип строки,1,13,12,75,60,80.00,4.0,8.0
235,Python. ДЗ 2: Строки с экранированием,1,13,12,60,47,78.33,4.0,7.9
240,Python. ДЗ 3: Сплит строки,1,13,11,54,42,77.78,4.0,5.0
221,Python. ДЗ 1: Округление числа,1,17,16,68,51,75.00,4.0,7.0
222,Python. ДЗ 1: Округление вниз,1,17,16,66,47,71.21,3.5,6.0
183,Python. ДЗ 5: Ограничить число границами диапазона,1,10,10,44,31,70.45,3.0,5.599999999999998
184,Python. ДЗ 5: Аналог switch-case в языке Python,1,9,9,32,21,65.63,2.0,6.4
165,Numpy. ДЗ 2: Случайные числа и плоские массивы,2,9,9,26,17,65.38,3.0,5.0
219,Python. ДЗ 1: Опеределение типа переменной,1,19,17,72,46,63.89,2.0,4.4
150,NEW! SQL. ДЗ 5. Следующее/предыдущее значение,2,31,31,99,63,63.64,2.0,5.0
220,Python. ДЗ 1: Экспоненциальная запись числа,1,17,16,48,30,62.50,2.5,4.5
123,NEW! SQL. ДЗ 1. Расчет наценки,1,68,67,187,115,61.50,2.0,5.399999999999999
158,Numpy. ДЗ 1: Статистическая обработка массива,1,12,12,31,19,61.29,1.0,3.9000000000000004
135,"SQL. ДЗ 3. Категории анализов, которые не заказывали",2,55,53,149,91,61.07,2.0,5.0
147,SQL. ДЗ 5. Нумерация строк чека,2,35,34,92,56,60.87,2.0,3.6999999999999993
140,SQL. ДЗ 4. Сотрудники с максимальными накоплениями,1,44,44,117,70,59.83,1.5,4.700000000000003
136,SQL. ДЗ 3. Фильтр по наценке и по группе,1,50,49,127,75,59.06,2.0,5.0
139,SQL. ДЗ 4. Количество чеков по сотрудникам,1,46,45,116,68,58.62,2.0,4.0
141,SQL. ДЗ 4. Начисления с разбивкой по сотрудникам и по типу скидки,1,42,42,107,61,57.01,2.0,5.899999999999999
122,SQL. ДЗ 1. Поиск по слову в названии,1,70,70,177,97,54.80,2.0,4.100000000000001
119,SQL. ДЗ 1. Возраст клиентов,1,75,70,153,80,52.29,1.0,4.0
142,SQL. ДЗ 4. Чеки за период дат,1,42,42,92,48,52.17,1.0,3.0
185,Python. ДЗ 5: Правильно обработать None,1,9,9,23,12,52.17,1.0,4.800000000000001
157,Numpy. ДЗ 1: Индексация массива и срезы,1,13,13,27,14,51.85,1.0,3.8000000000000007
151,NEW! SQL. ДЗ 6. Прирост начислений,2,30,29,58,29,50.00,1.0,4.199999999999999
155,Numpy. ДЗ 1: Создание массива из списка,1,17,17,36,18,50.00,1.0,5.0
148,NEW! SQL. ДЗ 5. Ранжирование с разрывами,2,33,33,73,36,49.32,1.0,4.0
144,NEW! SQL. ДЗ 4. Фильтрация агрегированных значений,2,39,39,80,39,48.75,1.0,4.0
129,NEW! SQL. ДЗ 2. Фильтр по длине слов,1,69,68,136,65,47.79,1.0,3.3000000000000043
161,Numpy. ДЗ 2: Множественные преобразования матриц,2,9,9,21,10,47.62,2.0,4.0
146,SQL. ДЗ 5. Нарастающий итог,2,35,33,66,31,46.97,1.0,3.0
218,Python. ДЗ 1: Создание числовой переменной,1,20,20,46,21,45.65,2.0,3.0
137,NEW! SQL. ДЗ 3. Минимальное значение по лексикографическому принципу,1,48,48,92,40,43.48,1.5,3.3000000000000043
152,NEW! SQL. ДЗ 6. Среднее значение транзакций,2,29,29,56,24,42.86,1.0,3.1999999999999993
145,NEW! SQL. ДЗ 4. Второй и третий сотрудник,2,40,40,74,31,41.89,1.0,3.0
134,SQL. ДЗ 3. Смоделировать EXCEPT через JOIN,1,59,58,110,46,41.82,1.0,3.0
241,Python. ДЗ 3: Регистр букв в строке,1,13,13,24,10,41.67,1.0,2.8000000000000007
131,NEW! SQL. ДЗ 2. Поиск значений из списка,1,66,66,116,47,40.52,1.0,2.5
149,NEW! SQL. ДЗ 5. Ранжирование без разрывов,2,33,33,57,23,40.35,1.0,3.0
138,NEW! SQL. ДЗ 3. Транзитивная связь,1,46,46,85,34,40.00,1.0,2.0
226,Python. ДЗ 1: Конвертация типов,1,15,15,28,11,39.29,1.0,2.0
244,Python. ДЗ 3: Поиск подстроки,1,13,12,21,8,38.10,1.5,2.0
133,NEW! SQL. ДЗ 2. Регулярные выражения,2,62,61,108,41,37.96,1.0,3.0
245,Python. ДЗ 3: Слайсинг строки,1,13,13,24,9,37.50,2.0,2.0
125,SQL. ДЗ 1. Нечетные ID,1,70,69,114,42,36.84,1.0,2.0
230,Python. ДЗ 2: Конкатенация строк,1,14,14,23,8,34.78,1.0,3.0
227,Python. ДЗ 1: Использование сокращенных операторов,1,15,15,27,9,33.33,1.0,3.0
223,Python. ДЗ 1: Создание комплексных чисел,1,15,15,25,8,32.00,1.0,3.0
225,Python. ДЗ 1: Нахождение комплексно-сопряженного,1,15,15,25,8,32.00,1.0,2.5999999999999996
237,Python. ДЗ 3: F-строки,1,13,13,22,7,31.82,1.0,2.8000000000000007
124,SQL. ДЗ 1. Найти ошибку в запросе,1,70,68,105,33,31.43,1.0,2.3000000000000043
233,Python. ДЗ 2: Нахождение длины строки,1,13,13,20,6,30.00,1.0,2.0
143,SQL. ДЗ 4. Поиск дублей группировкой,2,41,41,67,20,29.85,1.0,3.0
234,Python. ДЗ 2: Создание строк с кавычками,1,14,14,21,6,28.57,1.0,2.700000000000001
130,NEW! SQL. ДЗ 2. Комбинирование условий фильтрации,1,67,67,94,25,26.60,1.0,2.3999999999999986
117,SQL. ДЗ 1. Анализы в диапазоне цен,1,82,82,134,35,26.12,1.0,2.0
232,Python. ДЗ 2: Конвертация из строки,1,14,14,20,5,25.00,1.0,2.0
118,SQL. ДЗ 1. Уникальные типы анализов,1,78,78,105,24,22.86,1.0,2.0
229,Python. ДЗ 2: Умножение строк,1,15,15,20,4,20.00,1.0,2.0
126,NEW! SQL. ДЗ 1. Фильтр и сортировка розничной цены,1,71,71,89,17,19.10,1.0,2.0
224,Python. ДЗ 1: Выделение мнимой и действительной части,1,15,15,21,4,19.05,1.0,2.0
127,NEW! SQL. ДЗ 1. Смешанная сортировка,1,70,70,87,16,18.39,1.0,2.0
120,SQL. ДЗ 1. Начало телефонного номера,1,74,74,89,13,14.61,1.0,1.0
128,NEW! SQL. ДЗ 2. Фильтр строк неравенством,1,70,70,81,8,9.88,1.0,1.1000000000000014
132,NEW! SQL. ДЗ 2. Отсутствие пропусков,1,66,66,72,6,8.33,1.0,1.0
121,SQL. ДЗ 1. Конец телефонного номера,1,73,73,75,2,2.67,1.0,1.0
