cohort,month_number,cohort_size,active_students,retention_pct
2021-07-01,0,1,0,0.00
2021-07-01,1,1,0,0.00
2021-07-01,2,1,1,100.00
2021-07-01,3,1,0,0.00
2021-07-01,4,1,1,100.00
2021-07-01,5,1,0,0.00
2021-07-01,6,1,0,0.00
2021-07-01,7,1,0,0.00
2021-07-01,8,1,1,100.00
2021-07-01,9,1,0,0.00
2021-08-01,0,1,0,0.00
2021-08-01,1,1,1,100.00
2021-08-01,2,1,1,100.00
2021-08-01,3,1,1,100.00
2021-08-01,4,1,1,100.00
2021-08-01,5,1,0,0.00
2021-08-01,6,1,1,100.00
2021-08-01,7,1,1,100.00
2021-08-01,8,1,1,100.00
2021-08-01,9,1,,
2021-11-01,0,40,20,50.00
2021-11-01,1,40,18,45.00
2021-11-01,2,40,9,22.50
2021-11-01,3,40,5,12.50
2021-11-01,4,40,3,7.50
2021-11-01,5,40,10,25.00
2021-11-01,6,40,,
2021-11-01,7,40,,
2021-11-01,8,40,,
2021-11-01,9,40,,
2021-12-01,0,29,15,51.72
2021-12-01,1,29,11,37.93
2021-12-01,2,29,3,10.34
2021-12-01,3,29,2,6.90
2021-12-01,4,29,5,17.24
2021-12-01,5,29,,
2021-12-01,6,29,,
2021-12-01,7,29,,
2021-12-01,8,29,,
2021-12-01,9,29,,
2022-01-01,0,24,18,75.00
2022-01-01,1,24,9,37.50
2022-01-01,2,24,3,12.50
2022-01-01,3,24,3,12.50
2022-01-01,4,24,,
2022-01-01,5,24,,
2022-01-01,6,24,,
2022-01-01,7,24,,
2022-01-01,8,24,,
2022-01-01,9,24,,
2022-02-01,0,17,14,82.35
2022-02-01,1,17,6,35.29
2022-02-01,2,17,8,47.06
2022-02-01,3,17,,
2022-02-01,4,17,,
2022-02-01,5,17,,
2022-02-01,6,17,,
2022-02-01,7,17,,
2022-02-01,8,17,,
2022-02-01,9,17,,
2022-03-01,0,7,5,71.43
2022-03-01,1,7,4,57.14
2022-03-01,2,7,,
2022-03-01,3,7,,
2022-03-01,4,7,,
2022-03-01,5,7,,
2022-03-01,6,7,,
2022-03-01,7,7,,
2022-03-01,8,7,,
2022-03-01,9,7,,
2022-04-01,0,14,8,57.14
2022-04-01,1,14,,
2022-04-01,2,14,,
2022-04-01,3,14,,
2022-04-01,4,14,,
2022-04-01,5,14,,
2022-04-01,6,14,,
2022-04-01,7,14,,
2022-04-01,8,14,,
2022-04-01,9,14,,
