weekday,hour,runs,students
1,0,39,1
1,1,3,1
1,3,4,1
1,5,25,3
1,6,71,7
1,7,91,12
1,8,47,8
1,9,83,8
1,10,275,16
1,11,102,14
1,12,127,11
1,13,76,12
1,14,108,11
1,15,89,7
1,16,68,8
1,17,190,12
1,18,140,16
1,19,168,8
1,20,65,10
1,21,79,4
1,22,12,3
1,23,4,1
2,4,39,3
2,5,67,4
2,6,120,7
2,7,153,11
2,8,43,8
2,9,166,14
2,10,190,12
2,11,161,13
2,12,101,8
2,13,215,14
2,14,184,12
2,15,158,14
2,16,106,10
2,17,130,10
2,18,86,12
2,19,100,11
2,20,71,7
2,21,69,5
2,22,34,2
2,23,22,1
3,0,36,1
3,3,34,1
3,4,42,1
3,5,17,3
3,6,90,4
3,7,131,13
3,8,146,15
3,9,194,12
3,10,208,15
3,11,228,22
3,12,189,19
3,13,180,12
3,14,117,11
3,15,216,14
3,16,148,10
3,17,211,12
3,18,232,17
3,19,299,15
3,20,185,8
3,21,136,7
3,22,27,3
3,23,7,1
4,1,29,1
4,2,24,2
4,4,9,2
4,5,23,1
4,6,44,3
4,7,97,7
4,8,121,7
4,9,83,5
4,10,125,14
4,11,167,17
4,12,206,13
4,13,173,13
4,14,148,10
4,15,106,8
4,16,136,8
4,17,126,8
4,18,138,9
4,19,205,10
4,20,168,11
4,21,51,6
4,22,25,2
4,23,16,1
5,0,1,1
5,4,59,3
5,5,54,4
5,6,80,3
5,7,80,8
5,8,96,6
5,9,94,10
5,10,147,9
5,11,161,11
5,12,87,8
5,13,79,6
5,14,118,7
5,15,61,6
5,16,83,6
5,17,134,9
5,18,208,10
5,19,196,8
5,20,133,9
5,21,100,6
5,22,30,2
5,23,10,2
6,2,7,1
6,3,53,1
6,4,26,1
6,5,20,2
6,6,49,2
6,7,9,2
6,8,117,8
6,9,29,7
6,10,78,6
6,11,86,10
6,12,93,10
6,13,142,9
6,14,154,8
6,15,54,5
6,16,88,7
6,17,123,7
6,18,212,11
6,19,200,11
6,20,218,8
6,21,154,7
6,22,15,2
7,3,1,1
7,4,21,1
7,5,20,2
7,6,6,1
7,7,23,4
7,8,128,6
7,9,82,9
7,10,97,8
7,11,64,7
7,12,129,10
7,13,220,12
7,14,240,8
7,15,262,12
7,16,240,10
7,17,215,19
7,18,205,15
7,19,200,12
7,20,168,7
7,21,68,8
7,22,10,4
7,23,18,1
