type_id,description,operations,min_value,max_value,raw_sum
2,Пополнение кошелька,5,100,10000,12200
3,Регистрация,121,50,100,7250
4,Заход на платформу,1136,3,3,3408
5,Недельный марафон,26,30,30,780
6,Пригласить друга,1,150,150,150
8,5 задач,85,30,30,2550
9,15 задач,78,100,100,7800
10,25 задач,50,200,200,10000
11,100 задач,2,1000,1000,2000
19,Найти баг,4,100,5000,6800
22,Решить задачу,2793,0,20,3965
23,Купить задачу,145,0,55,1740
24,Купить подсказку к задаче,8,0,10,40
25,Купить решение задачи,6,10,25,85
27,Купить тест,12,0,30,250
